{"Episode reward": -46.44485728525957, "Lat 100 episodes Average reward": -115.06039871471005, "Full average reward": -140.25823116247312, "_timestamp": 1700826884.3677368, "_runtime": 69.72396183013916, "_step": 1044, "loss": -12.122032165527344, "episode_video": {"_type": "video-file", "sha256": "9391b56c75cbd4f9371ffad2ab115ddea3ea9f3faff2997c43e0a57d68d1aa2d", "size": 22461, "path": "media/videos/episode_video_1042_9391b56c75cbd4f9371f.mp4"}, "best_score": 48.34425057728106, "episode": 208}