{"Episode reward": -82.83221836619774, "Lat 100 episodes Average reward": -149.1339760496529, "Full average reward": -194.27121678477192, "_timestamp": 1700825732.2455447, "_runtime": 933.3291447162628, "_step": 15164, "loss": -5.1179118156433105, "episode_video": {"_type": "video-file", "sha256": "07faf45a3ef3e12684ff7de796a8eae251e09802aa720cde03a379bef32b9ab6", "size": 15677, "path": "media/videos/episode_video_15162_07faf45a3ef3e12684ff.mp4"}, "best_score": 237.27161983519707, "episode": 3032}