{"Episode reward": -19.018011053029056, "Average reward": -139.62954577980005, "Full average reward": -144.02730104700782, "_timestamp": 1700821090.5028667, "_runtime": 46.136722803115845, "_step": 335, "loss": 7.9442596435546875, "episode_video": {"_type": "video-file", "sha256": "2853dcc7450803682ca991139208c19c8e5b4784ea0cf88cd5337df8b15acefc", "size": 21157, "path": "media/videos/episode_video_333_2853dcc7450803682ca9.mp4"}, "_wandb": {"runtime": 554}}