{"Episode reward": -122.67978550661576, "Lat 100 episodes Average reward": -122.67978550661576, "Full average reward": -122.67978550661576, "_timestamp": 1700826759.0977378, "_runtime": 1.3731167316436768, "_step": 2, "loss": -0.33188962936401367, "episode_video": {"_type": "video-file", "sha256": "5139bf18a19231ae07607f7e4bd6dfa64a1a19b60253dc5dfa558ae11990348e", "size": 20439, "path": "media/videos/episode_video_2_5139bf18a19231ae0760.mp4"}}