{"global_step": 2806000, "_timestamp": 1701943883.4667277, "rollout/ep_len_mean": 4887.9501953125, "rollout/ep_rew_mean": 61.150001525878906, "time/fps": 1392.0, "train/entropy_loss": -0.04858362302184105, "train/explained_variance": -0.20762109756469727, "train/learning_rate": 0.0005000000237487257, "train/policy_loss": 0.0005796655896119773, "train/value_loss": 1.1510937213897705, "_runtime": 2017.3454418182373, "_step": 1402}