{"Episode reward": -18.1596054924252, "Lat 100 episodes Average reward": 47.70646886858435, "Full average reward": 47.566079635894866, "_timestamp": 1700824733.5394833, "_runtime": 3064.402259349823, "_step": 14819, "loss": 0.8562005758285522, "episode_video": {"_type": "video-file", "sha256": "1d68b60df038546f1332aa55d3226747b6881a9eeae271fcad4d1b0a42998c6e", "size": 19914, "path": "media/videos/episode_video_14819_1d68b60df038546f1332.mp4"}}