{"global_step": 2104000, "_timestamp": 1701940683.912124, "rollout/ep_len_mean": 771.0599975585938, "rollout/ep_rew_mean": 1.9600000381469727, "time/fps": 1355.0, "train/entropy_loss": -0.38234803080558777, "train/explained_variance": 0.999796450138092, "train/learning_rate": 0.000699999975040555, "train/policy_loss": 0.00034093341673724353, "train/value_loss": 1.3576870514953043e-05, "_runtime": 1554.967619895935, "_step": 1051, "_wandb": {"runtime": 1555}}