{"Episode Reward": -65.48750318149493, "Average Reward": 12.515761668970192, "Loss": -12.660579681396484, "_timestamp": 1700823682.710458, "_runtime": 4256.581009149551, "_step": 9976, "episode_video": {"_type": "video-file", "sha256": "9e139e9517a1430d413b2b91144ab2d1e87fa8efbcb7353b97460fedd2e93c82", "size": 38956, "path": "media/videos/episode_video_9976_9e139e9517a1430d413b.mp4"}, "_wandb": {"runtime": 4255}}