{"Episode reward": -126.80561446238441, "Lat 100 episodes Average reward": -126.80561446238441, "Full average reward": -126.80561446238441, "_timestamp": 1700826684.7883286, "_runtime": 1.4624557495117188, "_step": 2, "loss": -0.044025421142578125, "episode_video": {"_type": "video-file", "sha256": "bd8c3cd3a7d832a6b891f79d5469763e8831420bdf3bb1c270569118938cbcc3", "size": 9812, "path": "media/videos/episode_video_2_bd8c3cd3a7d832a6b891.mp4"}}